month,festival_days,sharad_navratri_days,is_navratri_month,lunar_drift_days
1985-01-01,0,0,0,22.388499452732503
1985-02-01,1,0,0,22.31528907082975
1985-03-01,9,0,1,22.508577436674386
1985-04-01,0,0,0,23.145297104492784
1985-05-01,0,0,0,24.29302569339052
1985-06-01,0,0,0,25.88984354492277
1985-07-01,0,0,0,27.747797245159745
1985-08-01,1,0,0,29.597383014392108
1985-09-01,0,0,0,1.7846726798452437
1985-10-01,9,9,1,2.897146207280457
1985-11-01,1,0,0,3.4805211373604834
1985-12-01,0,0,0,3.649994395673275
1986-01-01,0,0,0,3.619533567223698
1986-02-01,0,0,0,3.6368682077154517
1986-03-01,1,0,0,3.925829080399126
1986-04-01,9,0,1,4.643610164523125
1986-05-01,0,0,0,5.846163537353277
1986-06-01,0,0,0,7.4619466587901115
1986-07-01,0,0,0,9.294662587344646
1986-08-01,1,0,0,11.074847956653684
1986-09-01,0,0,0,12.547667200677097
1986-10-01,9,9,1,13.556408101692796
1986-11-01,1,0,0,14.085055185481906
1986-12-01,0,0,0,14.25073883170262
1987-01-01,0,0,0,14.261815786361694
1987-02-01,1,0,0,14.36062248935923
1987-03-01,2,0,1,14.765978147741407
1987-04-01,7,0,1,15.622055840212852
1987-05-01,0,0,0,16.957520517054945
1987-06-01,0,0,0,18.665443802718073
1987-07-01,0,0,0,20.5215677106753
1987-08-01,1,0,0,22.248750802129507
1987-09-01,7,7,1,23.607713350094855
1987-10-01,3,2,1,24.474065237212926
1987-11-01,0,0,0,24.86795012233779
1987-12-01,0,0,0,24.932218915317208
1988-01-01,0,0,0,24.884182958863676
1988-02-01,1,0,0,24.966204275842756
1988-03-01,9,0,1,25.398811567109078
1988-04-01,0,0,0,26.329667144455016
1988-05-01,0,0,0,27.783348209690303
1988-06-01,0,0,0,0.1737010721117258
1988-07-01,0,0,0,2.099960470572114
1988-08-01,1,0,0,3.840746664442122
1988-09-01,0,0,0,5.158443744294345
1988-10-01,9,9,1,5.947271758224815
1988-11-01,1,0,0,6.24880730593577
1988-12-01,0,0,0,6.221146985888481
1989-01-01,0,0,0,6.0942986109294
1989-02-01,0,0,0,6.126432090066373
1989-03-01,1,0,0,6.552886791527271
1989-04-01,9,0,1,7.524322806857526
1989-05-01,0,0,0,9.052311388310045
1989-06-01,0,0,0,10.989947168156505
1989-07-01,0,0,0,13.063441504724324
1989-08-01,1,0,0,14.950292400550097
1989-09-01,1,1,1,16.378443429712206
1989-10-01,9,8,1,17.20773093122989
1989-11-01,0,0,0,17.462475433479995
1989-12-01,0,0,0,17.312549480702728
1990-01-01,0,0,0,17.024312185123563
1990-02-01,1,0,0,16.89916630042717
1990-03-01,5,0,1,17.204584883060306
1990-04-01,4,0,1,18.105326856020838
1990-05-01,0,0,0,19.614266469608992
1990-06-01,0,0,0,21.582857683300972
1990-07-01,0,0,0,23.73714375961572
1990-08-01,1,0,0,25.752203185576946
1990-09-01,9,9,1,27.342436909675598
1990-10-01,1,0,0,28.335785950068384
1990-11-01,0,0,0,28.710445544682443
1990-12-01,0,0,0,28.59426296269521
1991-01-01,0,0,0,28.238675098866224
1991-02-01,1,0,0,28.101195288822055
1991-03-01,9,0,1,28.101195288822055
1991-04-01,0,0,0,30.236742313951254
1991-05-01,0,0,0,0.8629896403290331
1991-06-01,0,0,0,2.8244794136844575
1991-07-01,0,0,0,4.984495954588056
1991-08-01,1,0,0,7.026821294333786
1991-09-01,0,0,0,8.66683940961957
1991-10-01,9,9,1,9.72100005671382
1991-11-01,1,0,0,10.147996145300567
1991-12-01,0,0,0,10.059652923140675
1992-01-01,0,0,0,9.705690250266343
1992-02-01,0,0,0,9.420262815896422
1992-03-01,1,0,0,9.524961464572698
1992-04-01,9,0,1,10.228180695790797
1992-05-01,0,0,0,11.57035625167191
1992-06-01,0,0,0,13.423160426784307
1992-07-01,0,0,0,15.529951430857182
1992-08-01,1,0,0,17.576704523991793
1992-09-01,4,4,1,19.276207495480776
1992-10-01,6,5,1,20.439889912027866
1992-11-01,0,0,0,21.01726287091151
1992-12-01,0,0,0,21.100206781178713
1993-01-01,0,0,0,20.90046105813235
1993-02-01,1,0,0,20.70359189948067
1993-03-01,8,0,1,20.79856498586014
1993-04-01,1,0,1,21.398062440101057
1993-05-01,0,0,0,22.578435277100652
1993-06-01,0,0,0,24.258532969281077
1993-07-01,0,0,0,26.220512718427926
1993-08-01,1,0,0,28.171250087209046
1993-09-01,0,0,0,29.828796158079058
1993-10-01,9,9,1,1.6515751197002828
1993-11-01,1,0,0,2.2255348819307983
1993-12-01,0,0,0,2.3404899565503
1994-01-01,0,0,0,2.217161429580301
1994-02-01,0,0,0,2.1220761155709624
1994-03-01,1,0,0,2.303635352756828
1994-04-01,9,0,1,2.942228363826871
1994-05-01,0,0,0,4.1110810548998415
1994-06-01,0,0,0,5.746968598570675
1994-07-01,0,0,0,7.650329236406833
1994-08-01,1,0,0,9.536072429269552
1994-09-01,0,0,0,11.124275681562722
1994-10-01,9,9,1,12.230414584744722
1994-11-01,1,0,0,12.817497253417969
1994-12-01,0,0,0,12.996428315993398
1995-01-01,0,0,0,12.982794574461877
1995-02-01,1,0,0,13.02883847989142
1995-03-01,0,0,0,13.357486188411713
1995-04-01,9,0,1,14.114975022617728
1995-05-01,0,0,0,15.34194488171488
1995-06-01,0,0,0,16.958801568020135
1995-07-01,0,0,0,18.7733590118587
1995-08-01,1,0,0,20.526364511810243
1995-09-01,6,6,1,21.97075802832842
1995-10-01,4,3,1,22.952228015754372
1995-11-01,0,0,0,23.455205490346998
1995-12-01,0,0,0,23.599934009369463
1996-01-01,0,0,0,23.600299678277224
1996-02-01,1,0,0,23.703435610048473
1996-03-01,9,0,1,24.128754791337997
1996-04-01,0,0,0,25.015408587642014
1996-05-01,0,0,0,26.38393299235031
1996-06-01,0,0,0,28.120865119155496
1996-07-01,0,0,0,0.38823206536471844
1996-08-01,1,0,0,2.1000884822569788
1996-09-01,0,0,0,3.448434801772237
1996-10-01,9,9,1,4.31538012297824
1996-11-01,1,0,0,4.72081558778882
1996-12-01,0,0,0,4.8010141481645405
1997-01-01,0,0,0,4.76746776746586
1997-02-01,0,0,0,4.862606970593333
1997-03-01,1,0,0,5.310285582672805
1997-04-01,9,0,1,6.2581430855207145
1997-05-01,0,0,0,7.724213880486786
1997-06-01,0,0,0,9.573269417975098
1997-07-01,0,0,0,11.544372383505106
1997-08-01,1,0,0,13.329398908186704
1997-09-01,0,0,0,14.675125516019762
1997-10-01,10,9,1,15.46453013829887
1997-11-01,0,0,0,15.74105970049277
1997-12-01,0,0,0,15.675446055829525
1998-01-01,0,0,0,15.509456324856728
1998-02-01,1,0,0,15.505055025219917
1998-03-01,4,0,1,15.897764945868403
1998-04-01,5,0,1,16.842335631139576
1998-05-01,0,0,0,18.35867233108729
1998-06-01,0,0,0,20.30712158139795
1998-07-01,0,0,0,22.415036654099822
1998-08-01,1,0,0,24.353339232038707
1998-09-01,9,9,1,25.837242835666984
1998-10-01,1,0,0,26.711963748559356
1998-11-01,0,0,0,26.99122322583571
1998-12-01,0,0,0,26.841177712660283
1999-01-01,0,0,0,26.528855384793133
1999-02-01,1,0,0,26.359033326152712
1999-03-01,9,0,1,26.60751179791987
1999-04-01,0,0,0,27.452504177112132
1999-05-01,0,0,0,30.872351901140064
1999-06-01,0,0,0,1.5821814085356891
1999-07-01,0,0,0,3.7288784040138125
1999-08-01,1,0,0,5.7159916227683425
1999-09-01,0,0,0,7.260361392516643
1999-10-01,9,9,1,8.194342814385891
1999-11-01,1,0,0,8.505562528967857
1999-12-01,0,0,0,8.338266883045435
2000-01-01,0,0,0,7.964552073739469
2000-02-01,0,0,0,7.721515826880932
2000-03-01,1,0,0,7.915696988347918
2000-04-01,9,0,1,8.731427758000791
2000-05-01,0,0,0,10.184346782043576
2000-06-01,0,0,0,12.125396579969674
2000-07-01,0,0,0,14.284011629410088
2000-08-01,1,0,0,16.340533590875566
2000-09-01,3,3,1,18.009768774732947
2000-10-01,7,6,1,19.109547877218574
2000-11-01,0,0,0,19.596614161506295
2000-12-01,0,0,0,19.57117590121925
2001-01-01,0,0,0,19.260617959778756
2001-02-01,1,0,0,18.979421206749976
2001-03-01,6,0,1,19.04955341340974
2001-04-01,3,0,1,19.69711390743032
2001-05-01,0,0,0,20.980412655044347
2001-06-01,0,0,0,22.781498659402132
2001-07-01,0,0,0,24.84890314564109
2001-08-01,1,0,0,26.872436719946563
2001-09-01,0,0,0,28.568844937253743
2001-10-01,9,9,1,29.752494822256267
2001-11-01,1,0,0,0.9023752240464091
2001-12-01,0,0,0,0.9247190468013287
2002-01-01,0,0,0,0.6775030312128365
2002-02-01,0,0,0,0.46136797359213233
2002-03-01,1,0,0,0.5677649741992354
2002-04-01,9,0,1,1.2015823647379875
2002-05-01,0,0,0,2.4291227450594306
2002-06-01,0,0,0,4.159638608805835
2002-07-01,0,0,0,6.165940590202808
2002-08-01,1,0,0,8.146301447413862
2002-09-01,0,0,0,9.81252936925739
2002-10-01,9,9,1,10.972580505535007
2002-11-01,1,0,0,11.578661216422915
2002-12-01,0,0,0,11.731164104770869
2003-01-01,0,0,0,11.644240231718868
2003-02-01,0,0,0,11.583200399763882
2003-03-01,1,0,0,11.79496278334409
2003-04-01,9,0,1,12.452149731107056
2003-05-01,0,0,0,13.617181775625795
2003-06-01,0,0,0,15.223634426482022
2003-07-01,0,0,0,17.081628900952637
2003-08-01,1,0,0,18.922614834737033
2003-09-01,4,4,1,20.47999485488981
2003-10-01,6,5,1,21.573444672860205
2003-11-01,0,0,0,22.161861238069832
2003-12-01,0,0,0,22.34962208243087
2004-01-01,0,0,0,22.349393199197948
2004-02-01,1,0,0,22.416290308814496
2004-03-01,9,0,1,22.77652982296422
2004-04-01,0,0,0,23.572266541421413
2004-05-01,0,0,0,24.83144903788343
2004-06-01,0,0,0,26.461301411502063
2004-07-01,0,0,0,28.265466645359993
2004-08-01,1,0,0,29.991358559112996
2004-09-01,0,0,0,1.8574537825770676
2004-10-01,9,9,1,2.8395247207954526
2004-11-01,1,0,0,3.343937200959772
2004-12-01,0,0,0,3.493854410946369
2005-01-01,0,0,0,3.5014547151513398
2005-02-01,0,0,0,3.609621270559728
2005-03-01,1,0,0,4.034819005057216
2005-04-01,9,0,1,4.9166586846113205
2005-05-01,0,0,0,6.277915230486542
2005-06-01,0,0,0,8.005666746757925
2005-07-01,0,0,0,9.871007283683866
2005-08-01,1,0,0,11.594453639816493
2005-09-01,0,0,0,12.93726884946227
2005-10-01,9,9,1,13.77893326152116
2005-11-01,1,0,0,14.146117709111422
2005-12-01,0,0,0,14.18869244074449
2006-01-01,0,0,0,14.129035328049213
2006-02-01,1,0,0,14.21106714848429
2006-03-01,2,0,1,14.653898411430418
2006-04-01,7,0,1,15.602003409992903
2006-05-01,0,0,0,17.075989917386323
2006-06-01,0,0,0,18.94665294373408
2006-07-01,0,0,0,20.955702894367278
2006-08-01,1,0,0,22.788536220323294
2006-09-01,8,8,1,24.175989402923733
2006-10-01,2,1,1,24.983156555797905
2006-11-01,0,0,0,25.24633330339566
2006-12-01,0,0,0,25.14529358362779
2007-01-01,0,0,0,24.937658018432558
2007-02-01,1,0,0,24.89545704657212
2007-03-01,9,0,1,25.255782618187368
2007-04-01,0,0,0,26.17294960701838
2007-05-01,0,0,0,27.670683009084314
2007-06-01,0,0,0,0.2933946498669684
2007-07-01,0,0,0,2.37732509477064
2007-08-01,1,0,0,4.270832319743931
2007-09-01,0,0,0,5.698789859190583
2007-10-01,9,9,1,6.519232197664678
2007-11-01,1,0,0,6.758318681735545
2007-12-01,0,0,0,6.590627729892731
2008-01-01,0,0,0,6.287883053068072
2008-02-01,0,0,0,6.15566949499771
2008-03-01,1,0,0,6.462967814411968
2008-04-01,9,0,1,7.372824613936245
2008-05-01,0,0,0,8.894846636336297
2008-06-01,0,0,0,10.877108943648636
2008-07-01,0,0,0,13.042946284636855
2008-08-01,1,0,0,15.065477927215397
2008-09-01,1,1,1,16.657615407835692
2008-10-01,9,8,1,17.6468032351695
2008-11-01,0,0,0,18.012381511274725
2008-12-01,0,0,0,17.88488823454827
2009-01-01,0,0,0,17.519392304122448
2009-02-01,1,0,0,17.24442420527339
2009-03-01,5,0,1,17.377819806803018
2009-04-01,4,0,1,18.127731061074883
2009-05-01,0,0,0,19.528231518808752
2009-06-01,0,0,0,21.436571125406772
2009-07-01,0,0,0,23.580426461994648
2009-08-01,1,0,0,25.63735020812601
2009-09-01,9,9,1,27.322778147645295
2009-10-01,1,0,0,28.457910740282387
2009-11-01,0,0,0,29.00054754689336
2009-12-01,0,0,0,29.04284526547417
2010-01-01,0,0,0,28.53464670618996
2010-02-01,1,0,0,28.584397503640503
2010-03-01,9,0,1,28.584397503640503
2010-04-01,0,0,0,30.403534133452922
2010-05-01,0,0,0,0.8788980767130852
2010-06-01,0,0,0,2.728571292478591
2010-07-01,0,0,0,4.829067017417401
2010-08-01,1,0,0,6.867355837952346
2010-09-01,0,0,0,8.557423452381045
2010-10-01,9,9,1,9.71252487320453
2010-11-01,1,0,0,10.284101568162441
2010-12-01,0,0,0,10.365552402567118
2011-01-01,0,0,0,10.170042016077787
2011-02-01,0,0,0,9.983005322515965
2011-03-01,1,0,0,10.090739799197763
2011-04-01,9,0,1,10.702038607094437
2011-05-01,0,0,0,11.890577108599246
2011-06-01,0,0,0,13.574093643575907
2011-07-01,0,0,0,15.534908721223474
2011-08-01,1,0,0,17.48060807865113
2011-09-01,3,3,1,19.129685889929533
2011-10-01,7,6,1,20.292270192410797
2011-11-01,0,0,0,20.918215706478804
2011-12-01,0,0,0,21.102373957633972
2012-01-01,0,0,0,21.052350415382534
2012-02-01,1,0,0,21.02934871474281
2012-03-01,9,0,1,21.27738067926839
2012-04-01,0,0,0,21.96224771346897
2012-05-01,0,0,0,23.135314110200852
2012-06-01,0,0,0,24.722922425717115
2012-07-01,0,0,0,26.539746054448187
2012-08-01,1,0,0,28.33224450238049
2012-09-01,0,0,0,29.84934846777469
2012-10-01,9,9,1,1.5076397946104407
2012-11-01,1,0,0,2.0778807243332267
2012-12-01,0,0,0,2.2474769265390933
2013-01-01,0,0,0,2.2353987796232104
2013-02-01,0,0,0,2.2944475249387324
2013-03-01,1,0,0,2.644996756222099
2013-04-01,9,0,1,3.4281834298744798
2013-05-01,0,0,0,4.677728429436684
2013-06-01,0,0,0,6.30728818802163
2013-07-01,0,0,0,8.12120574945584
2013-08-01,1,0,0,9.861329403705895
2013-09-01,0,0,0,11.284753024578094
2013-10-01,9,9,1,12.242321103811264
2013-11-01,1,0,0,12.7236267211847
2013-12-01,0,0,0,12.853442260529846
2014-01-01,0,0,0,12.848644602112472
2014-02-01,1,0,0,12.956820872146636
2014-03-01,1,0,1,13.39582536322996
2014-04-01,8,0,1,14.301996648311615
2014-05-01,0,0,0,15.692023496609181
2014-06-01,0,0,0,17.448028160259128
2014-07-01,0,0,0,19.33848939696327
2014-08-01,1,0,0,21.08112676255405
2014-09-01,6,6,1,22.43181629385799
2014-10-01,4,3,1,23.263755621854216
2014-11-01,0,0,0,23.60268044564873
2014-12-01,0,0,0,23.606728826649487
2015-01-01,0,0,0,23.51074064616114
2015-02-01,1,0,0,23.567081002518535
2015-03-01,9,0,1,23.99619355984032
2015-04-01,0,0,0,24.94027251889929
2015-05-01,0,0,0,26.41928608575836
2015-06-01,0,0,0,28.306614912115037
2015-07-01,0,0,0,30.347159494180232
2015-08-01,1,0,0,2.6629210896790028
2015-09-01,0,0,0,4.001187123823911
2015-10-01,9,9,1,4.77334616612643
2015-11-01,1,0,0,5.027648253832012
2015-12-01,0,0,0,4.941838948987424
2016-01-01,0,0,0,4.763291844166815
2016-02-01,0,0,0,4.7567537650465965
2016-03-01,1,0,0,5.1572966407984495
2016-04-01,9,0,1,6.116311323363334
2016-05-01,0,0,0,7.649440347682685
2016-06-01,0,0,0,9.613593942020088
2016-07-01,0,0,0,11.733962265774608
2016-08-01,1,0,0,13.679657496046275
2016-09-01,0,0,0,15.163727512583137
2016-10-01,10,9,1,16.029971796553582
2016-11-01,0,0,0,16.29349222034216
2016-12-01,0,0,0,16.12511544022709
2017-01-01,0,0,0,15.797974488697946
2017-02-01,1,0,0,15.621675059199333
2017-03-01,3,0,1,15.873462128452957
2017-04-01,6,0,1,16.729142155963928
2017-05-01,0,0,0,18.21086139557883
2017-06-01,0,0,0,20.17460107523948
2017-07-01,0,0,0,22.3451231373474
2017-08-01,1,0,0,24.39208204811439
2017-09-01,9,9,1,26.02330653136596
2017-10-01,1,0,0,27.06162484548986
2017-11-01,0,0,0,27.48142569232732
2017-12-01,0,0,0,27.404241078998893
2018-01-01,0,0,0,27.06909864442423
2018-02-01,1,0,0,26.787704481277615
2018-03-01,9,0,1,26.87558663683012
2018-04-01,0,0,0,27.558641649316996
2018-05-01,0,0,0,30.758202993310988
2018-06-01,0,0,0,1.428020746447146
2018-07-01,0,0,0,3.5847600987181067
2018-08-01,1,0,0,5.635885753668845
2018-09-01,0,0,0,7.29744533682242
2018-10-01,9,9,1,8.389414762146771
2018-11-01,1,0,0,8.870506714563817
2018-12-01,0,0,0,8.842055375687778
2019-01-01,0,0,0,8.532362880185246
2019-02-01,0,0,0,8.255827009677887
2019-03-01,1,0,0,8.332768689841032
2019-04-01,9,0,1,8.987276399042457
2019-05-01,0,0,0,10.27682435605675
2019-06-01,0,0,0,12.082870530895889
2019-07-01,0,0,0,14.152979748789221
2019-08-01,1,0,0,16.17575463699177
2019-09-01,2,2,1,17.86700593866408
2019-10-01,8,7,1,19.041392978746444
2019-11-01,0,0,0,19.65003173891455
2019-12-01,0,0,0,19.781630584970117
2020-01-01,0,0,0,19.63771660020575
2020-02-01,1,0,0,19.489477136172354
2020-03-01,7,0,1,19.61453613312915
2020-04-01,2,0,1,20.220778975170106
2020-05-01,0,0,0,21.38426597416401
2020-06-01,0,0,0,23.02635852433741
2020-07-01,0,0,0,24.93650055769831
2020-08-01,1,0,0,26.834296399261802
2020-09-01,0,0,0,28.450766805559397
2020-10-01,9,9,1,29.60314197326079
2020-11-01,1,0,0,0.8403297318145633
2020-12-01,0,0,0,0.9854321232996881
2021-01-01,0,0,0,0.9014512021094561
2021-02-01,0,0,0,0.8541602152399719
2021-03-01,1,0,0,1.0872446135617793
2021-04-01,9,0,1,1.7674136864952743
2021-05-01,0,0,0,2.9501819061115384
2021-06-01,0,0,0,4.563687611371279
2021-07-01,0,0,0,6.416650650091469
2021-08-01,1,0,0,8.243226997554302
2021-09-01,0,0,0,9.781210351269692
2021-10-01,9,9,1,10.854296242352575
2021-11-01,1,0,0,11.42478609830141
2021-12-01,0,0,0,11.6004320923239
2022-01-01,0,0,0,11.596850991714746
2022-02-01,0,0,0,11.670047801919281
2022-03-01,1,0,0,12.04505041334778
2022-04-01,9,0,1,12.861180257983506
2022-05-01,0,0,0,14.14196101296693
2022-06-01,0,0,0,15.789316389709711
2022-07-01,0,0,0,17.60261281998828
2022-08-01,1,0,0,19.32725529698655
2022-09-01,5,5,1,20.72773685399443
2022-10-01,5,4,1,21.66065740212798
2022-11-01,0,0,0,22.117920133285224
2022-12-01,0,0,0,22.22541204234585
2023-01-01,0,0,0,22.20276022190228
2023-02-01,1,0,0,22.30204906221479
2023-03-01,9,0,1,22.744385993573815
2023-04-01,0,0,0,23.665912250522524
2023-05-01,0,0,0,25.080138992983848
2023-06-01,0,0,0,26.86527822446078
2023-07-01,0,0,0,28.786709664855152
2023-08-01,1,0,0,30.558118214365095
2023-09-01,0,0,0,2.2598537765443325
2023-10-01,9,9,1,3.0818673414178193
2023-11-01,1,0,0,3.4269128716550767
2023-12-01,0,0,0,3.4512836998328567
2024-01-01,0,0,0,3.38172358693555
2024-02-01,0,0,0,3.463882918935269
2024-03-01,1,0,0,3.9160340814851224
2024-04-01,9,0,1,4.879605034831911
2024-05-01,0,0,0,6.371364068239927
2024-06-01,0,0,0,8.258703716099262
2024-07-01,0,0,0,10.280892019160092
2024-08-01,1,0,0,12.121035737916827
2024-09-01,0,0,0,13.507245816290379
2024-10-01,10,9,1,14.30314375134185
2024-11-01,0,0,0,14.547336284536868
2024-12-01,0,0,0,14.425766192842275
2025-01-01,0,0,0,14.202947975602001
2025-02-01,1,0,0,14.155227579642087
2025-03-01,2,0,1,14.520180880092084
2025-04-01,7,0,1,15.449085526168346
2025-05-01,0,0,0,16.96100677223876
2025-06-01,0,0,0,18.920144497882575
2025-07-01,0,0,0,21.058102847542614
2025-08-01,1,0,0,23.04491021297872
2025-09-01,9,9,1,24.586206594016403
2025-10-01,1,0,0,25.510648070368916
2025-11-01,0,0,0,25.816480454988778
2025-12-01,0,0,0,25.664010234177113
2026-01-01,0,0,0,25.324545115232468
2026-02-01,1,0,0,25.111323495861143
2026-03-01,9,0,1,25.30911239469424
2026-04-01,0,0,0,26.105737889185548
2026-05-01,0,0,0,27.53695545438677
2026-06-01,0,0,0,0.1817746926099062
2026-07-01,0,0,0,2.3462980133481324
2026-08-01,1,0,0,4.364563249517232
2026-09-01,0,0,0,5.950709150638431
2026-10-01,9,9,1,6.933882800862193
2026-11-01,1,0,0,7.294706764165312
2026-12-01,0,0,0,7.164260038174689
2027-01-01,0,0,0,6.79818811500445
2027-02-01,0,0,0,6.525183716323227
2027-03-01,1,0,0,6.662376197986305
2027-04-01,9,0,1,7.416882785502821
2027-05-01,0,0,0,8.822280963882804
2027-06-01,0,0,0,10.735072104725987
2027-07-01,0,0,0,12.881769966334105
2027-08-01,1,0,0,14.938521646894515
2027-09-01,0,0,0,16.619747675023973
2027-10-01,10,9,1,17.747254725079983
2027-11-01,0,0,0,18.281460479833186
2027-12-01,0,0,0,18.31797308009118
2028-01-01,0,0,0,18.066015543416142
2028-02-01,1,0,0,17.815289477817714
2028-03-01,5,0,1,17.875587505754083
2028-04-01,4,0,1,18.48333462839946
2028-05-01,0,0,0,19.717187301721424
2028-06-01,0,0,0,21.472566350828856
2028-07-01,0,0,0,23.501227631233633
2028-08-01,1,0,0,25.49303847970441
2028-09-01,9,9,1,27.167150207795203
2028-10-01,1,0,0,28.343689658679068
2028-11-01,0,0,0,28.977930834982544
2028-12-01,0,0,0,29.157000545877963
2029-01-01,0,0,0,28.977436465676874
2029-02-01,1,0,0,29.13555577583611
2029-03-01,0,0,0,29.74861760251224
2029-04-01,9,0,1,0.02575404243543744
2029-05-01,0,0,0,1.2269386136904359
2029-06-01,0,0,0,2.9122375384904444
2029-07-01,0,0,0,4.864290728699416
2029-08-01,1,0,0,6.793646703474224
2029-09-01,0,0,0,8.422684676479548
2029-10-01,9,9,1,9.565141091123223
2029-11-01,1,0,0,10.174172060098499
2029-12-01,0,0,0,10.348162876442075
2030-01-01,0,0,0,10.2980472529307
2030-02-01,0,0,0,10.285998905543238
2030-03-01,1,0,0,10.553872757591307
2030-04-01,9,0,1,11.262587890028954
2030-05-01,0,0,0,12.457114344462752
2030-06-01,0,0,0,14.058048770297319
2030-07-01,0,0,0,15.877371238544583
2030-08-01,1,0,0,17.6620827363804
2030-09-01,3,3,1,19.16394782019779
2030-10-01,7,6,1,20.2142785214819
2030-11-01,0,0,0,20.774815134704113
2030-12-01,0,0,0,20.948088091798127
